,date,title,point
0,2021-12-12,밥정,9.61
1,2021-12-12,그린 북,9.60
2,2021-12-12,가버나움,9.59
3,2021-12-12,디지몬 어드벤처 라스트 에볼루션 : 인연,9.55
4,2021-12-12,원더,9.53
5,2021-12-12,베일리 어게인,9.53
6,2021-12-12,아일라,9.52
7,2021-12-12,극장판 바이올렛 에버가든,9.51
8,2021-12-12,당갈,9.49
9,2021-12-12,먼 훗날 우리,9.49
10,2021-12-12,포드 V 페라리,9.48
11,2021-12-12,"그대, 고맙소 : 김호중 생애 첫 팬미팅 무비",9.47
12,2021-12-12,주전장,9.47
13,2021-12-12,쇼생크 탈출,9.45
14,2021-12-12,터미네이터 2:오리지널,9.45
15,2021-12-12,덕구,9.43
16,2021-12-12,나 홀로 집에,9.43
17,2021-12-12,클래식,9.43
18,2021-12-12,라이언 일병 구하기,9.43
19,2021-12-12,월-E,9.42
20,2021-12-12,보헤미안 랩소디,9.42
21,2021-12-12,빽 투 더 퓨쳐,9.42
22,2021-12-12,사운드 오브 뮤직,9.41
23,2021-12-12,포레스트 검프,9.41
24,2021-12-12,위대한 쇼맨,9.41
25,2021-12-12,글래디에이터,9.41
26,2021-12-12,타이타닉,9.41
27,2021-12-12,인생은 아름다워,9.40
28,2021-12-12,헬프,9.40
29,2021-12-12,살인의 추억,9.40
30,2021-12-12,매트릭스,9.40
31,2021-12-12,잭 스나이더의 저스티스 리그,9.40
32,2021-12-12,가나의 혼인잔치: 언약,9.40
33,2021-12-12,센과 치히로의 행방불명,9.39
34,2021-12-12,토이 스토리 3,9.39
35,2021-12-12,캐스트 어웨이,9.39
36,2021-12-12,헌터 킬러,9.39
37,2021-12-12,집으로...,9.38
38,2021-12-12,반지의 제왕: 왕의 귀환,9.38
39,2021-12-12,태극권,9.38
40,2021-12-12,죽은 시인의 사회,9.38
41,2021-12-12,어벤져스: 엔드게임,9.38
42,2021-12-12,히든 피겨스,9.38
43,2021-12-12,레옹,9.38
44,2021-12-12,알라딘,9.38
45,2021-12-12,쉰들러 리스트,9.37
46,2021-12-12,아이 캔 스피크,9.37
47,2021-12-12,클레멘타인,9.37
48,2021-12-12,동주,9.37
49,2021-12-12,안녕 베일리,9.37
50,2021-12-13,밥정,9.61
51,2021-12-13,그린 북,9.60
52,2021-12-13,가버나움,9.59
53,2021-12-13,디지몬 어드벤처 라스트 에볼루션 : 인연,9.55
54,2021-12-13,원더,9.53
55,2021-12-13,베일리 어게인,9.53
56,2021-12-13,아일라,9.52
57,2021-12-13,극장판 바이올렛 에버가든,9.51
58,2021-12-13,당갈,9.49
59,2021-12-13,먼 훗날 우리,9.49
60,2021-12-13,포드 V 페라리,9.48
61,2021-12-13,"그대, 고맙소 : 김호중 생애 첫 팬미팅 무비",9.47
62,2021-12-13,주전장,9.47
63,2021-12-13,쇼생크 탈출,9.45
64,2021-12-13,터미네이터 2:오리지널,9.45
65,2021-12-13,덕구,9.43
66,2021-12-13,나 홀로 집에,9.43
67,2021-12-13,클래식,9.43
68,2021-12-13,라이언 일병 구하기,9.43
69,2021-12-13,월-E,9.42
70,2021-12-13,보헤미안 랩소디,9.42
71,2021-12-13,빽 투 더 퓨쳐,9.42
72,2021-12-13,사운드 오브 뮤직,9.41
73,2021-12-13,포레스트 검프,9.41
74,2021-12-13,위대한 쇼맨,9.41
75,2021-12-13,글래디에이터,9.41
76,2021-12-13,타이타닉,9.41
77,2021-12-13,인생은 아름다워,9.40
78,2021-12-13,헬프,9.40
79,2021-12-13,살인의 추억,9.40
80,2021-12-13,매트릭스,9.40
81,2021-12-13,잭 스나이더의 저스티스 리그,9.40
82,2021-12-13,가나의 혼인잔치: 언약,9.40
83,2021-12-13,센과 치히로의 행방불명,9.39
84,2021-12-13,토이 스토리 3,9.39
85,2021-12-13,캐스트 어웨이,9.39
86,2021-12-13,헌터 킬러,9.39
87,2021-12-13,집으로...,9.38
88,2021-12-13,반지의 제왕: 왕의 귀환,9.38
89,2021-12-13,태극권,9.38
90,2021-12-13,죽은 시인의 사회,9.38
91,2021-12-13,어벤져스: 엔드게임,9.38
92,2021-12-13,히든 피겨스,9.38
93,2021-12-13,레옹,9.38
94,2021-12-13,알라딘,9.38
95,2021-12-13,쉰들러 리스트,9.37
96,2021-12-13,아이 캔 스피크,9.37
97,2021-12-13,클레멘타인,9.37
98,2021-12-13,동주,9.37
99,2021-12-13,안녕 베일리,9.37
100,2021-12-14,밥정,9.61
101,2021-12-14,그린 북,9.60
102,2021-12-14,가버나움,9.59
103,2021-12-14,디지몬 어드벤처 라스트 에볼루션 : 인연,9.55
104,2021-12-14,원더,9.53
105,2021-12-14,베일리 어게인,9.53
106,2021-12-14,아일라,9.52
107,2021-12-14,극장판 바이올렛 에버가든,9.51
108,2021-12-14,당갈,9.49
109,2021-12-14,먼 훗날 우리,9.49
110,2021-12-14,포드 V 페라리,9.48
111,2021-12-14,"그대, 고맙소 : 김호중 생애 첫 팬미팅 무비",9.47
112,2021-12-14,주전장,9.47
113,2021-12-14,쇼생크 탈출,9.45
114,2021-12-14,터미네이터 2:오리지널,9.45
115,2021-12-14,덕구,9.43
116,2021-12-14,나 홀로 집에,9.43
117,2021-12-14,클래식,9.43
118,2021-12-14,라이언 일병 구하기,9.43
119,2021-12-14,월-E,9.42
120,2021-12-14,보헤미안 랩소디,9.42
121,2021-12-14,빽 투 더 퓨쳐,9.42
122,2021-12-14,사운드 오브 뮤직,9.41
123,2021-12-14,포레스트 검프,9.41
124,2021-12-14,위대한 쇼맨,9.41
125,2021-12-14,글래디에이터,9.41
126,2021-12-14,타이타닉,9.41
127,2021-12-14,인생은 아름다워,9.40
128,2021-12-14,헬프,9.40
129,2021-12-14,살인의 추억,9.40
130,2021-12-14,매트릭스,9.40
131,2021-12-14,잭 스나이더의 저스티스 리그,9.40
132,2021-12-14,가나의 혼인잔치: 언약,9.40
133,2021-12-14,센과 치히로의 행방불명,9.39
134,2021-12-14,토이 스토리 3,9.39
135,2021-12-14,캐스트 어웨이,9.39
136,2021-12-14,헌터 킬러,9.39
137,2021-12-14,집으로...,9.38
138,2021-12-14,반지의 제왕: 왕의 귀환,9.38
139,2021-12-14,태극권,9.38
140,2021-12-14,죽은 시인의 사회,9.38
141,2021-12-14,어벤져스: 엔드게임,9.38
142,2021-12-14,히든 피겨스,9.38
143,2021-12-14,레옹,9.38
144,2021-12-14,알라딘,9.38
145,2021-12-14,쉰들러 리스트,9.37
146,2021-12-14,아이 캔 스피크,9.37
147,2021-12-14,클레멘타인,9.37
148,2021-12-14,동주,9.37
149,2021-12-14,안녕 베일리,9.37
150,2021-12-15,밥정,9.61
151,2021-12-15,그린 북,9.60
152,2021-12-15,가버나움,9.59
153,2021-12-15,디지몬 어드벤처 라스트 에볼루션 : 인연,9.55
154,2021-12-15,원더,9.53
155,2021-12-15,베일리 어게인,9.53
156,2021-12-15,아일라,9.52
157,2021-12-15,스파이더맨: 노 웨이 홈,9.51
158,2021-12-15,극장판 바이올렛 에버가든,9.51
159,2021-12-15,당갈,9.49
160,2021-12-15,먼 훗날 우리,9.49
161,2021-12-15,포드 V 페라리,9.48
162,2021-12-15,"그대, 고맙소 : 김호중 생애 첫 팬미팅 무비",9.47
163,2021-12-15,주전장,9.47
164,2021-12-15,쇼생크 탈출,9.45
165,2021-12-15,터미네이터 2:오리지널,9.45
166,2021-12-15,덕구,9.43
167,2021-12-15,나 홀로 집에,9.43
168,2021-12-15,클래식,9.43
169,2021-12-15,라이언 일병 구하기,9.43
170,2021-12-15,월-E,9.42
171,2021-12-15,보헤미안 랩소디,9.42
172,2021-12-15,빽 투 더 퓨쳐,9.42
173,2021-12-15,사운드 오브 뮤직,9.41
174,2021-12-15,포레스트 검프,9.41
175,2021-12-15,위대한 쇼맨,9.41
176,2021-12-15,글래디에이터,9.41
177,2021-12-15,타이타닉,9.41
178,2021-12-15,인생은 아름다워,9.40
179,2021-12-15,헬프,9.40
180,2021-12-15,살인의 추억,9.40
181,2021-12-15,매트릭스,9.40
182,2021-12-15,잭 스나이더의 저스티스 리그,9.40
183,2021-12-15,가나의 혼인잔치: 언약,9.40
184,2021-12-15,센과 치히로의 행방불명,9.39
185,2021-12-15,토이 스토리 3,9.39
186,2021-12-15,캐스트 어웨이,9.39
187,2021-12-15,헌터 킬러,9.39
188,2021-12-15,집으로...,9.38
189,2021-12-15,반지의 제왕: 왕의 귀환,9.38
190,2021-12-15,태극권,9.38
191,2021-12-15,죽은 시인의 사회,9.38
192,2021-12-15,어벤져스: 엔드게임,9.38
193,2021-12-15,히든 피겨스,9.38
194,2021-12-15,레옹,9.38
195,2021-12-15,알라딘,9.38
196,2021-12-15,쉰들러 리스트,9.37
197,2021-12-15,아이 캔 스피크,9.37
198,2021-12-15,클레멘타인,9.37
199,2021-12-15,동주,9.37
200,2021-12-16,밥정,9.61
201,2021-12-16,그린 북,9.60
202,2021-12-16,가버나움,9.59
203,2021-12-16,디지몬 어드벤처 라스트 에볼루션 : 인연,9.55
204,2021-12-16,원더,9.53
205,2021-12-16,베일리 어게인,9.53
206,2021-12-16,아일라,9.52
207,2021-12-16,극장판 바이올렛 에버가든,9.51
208,2021-12-16,당갈,9.49
209,2021-12-16,먼 훗날 우리,9.49
210,2021-12-16,포드 V 페라리,9.48
211,2021-12-16,"그대, 고맙소 : 김호중 생애 첫 팬미팅 무비",9.47
212,2021-12-16,주전장,9.47
213,2021-12-16,쇼생크 탈출,9.45
214,2021-12-16,터미네이터 2:오리지널,9.45
215,2021-12-16,스파이더맨: 노 웨이 홈,9.43
216,2021-12-16,덕구,9.43
217,2021-12-16,나 홀로 집에,9.43
218,2021-12-16,클래식,9.43
219,2021-12-16,라이언 일병 구하기,9.43
220,2021-12-16,월-E,9.42
221,2021-12-16,보헤미안 랩소디,9.42
222,2021-12-16,빽 투 더 퓨쳐,9.42
223,2021-12-16,사운드 오브 뮤직,9.41
224,2021-12-16,포레스트 검프,9.41
225,2021-12-16,위대한 쇼맨,9.41
226,2021-12-16,글래디에이터,9.41
227,2021-12-16,타이타닉,9.41
228,2021-12-16,인생은 아름다워,9.40
229,2021-12-16,헬프,9.40
230,2021-12-16,살인의 추억,9.40
231,2021-12-16,매트릭스,9.40
232,2021-12-16,잭 스나이더의 저스티스 리그,9.40
233,2021-12-16,가나의 혼인잔치: 언약,9.40
234,2021-12-16,센과 치히로의 행방불명,9.39
235,2021-12-16,토이 스토리 3,9.39
236,2021-12-16,캐스트 어웨이,9.39
237,2021-12-16,헌터 킬러,9.39
238,2021-12-16,집으로...,9.38
239,2021-12-16,반지의 제왕: 왕의 귀환,9.38
240,2021-12-16,태극권,9.38
241,2021-12-16,죽은 시인의 사회,9.38
242,2021-12-16,어벤져스: 엔드게임,9.38
243,2021-12-16,히든 피겨스,9.38
244,2021-12-16,레옹,9.38
245,2021-12-16,알라딘,9.38
246,2021-12-16,쉰들러 리스트,9.37
247,2021-12-16,아이 캔 스피크,9.37
248,2021-12-16,클레멘타인,9.37
249,2021-12-16,동주,9.37
250,2021-12-17,밥정,9.61
251,2021-12-17,그린 북,9.60
252,2021-12-17,가버나움,9.59
253,2021-12-17,디지몬 어드벤처 라스트 에볼루션 : 인연,9.55
254,2021-12-17,원더,9.53
255,2021-12-17,베일리 어게인,9.53
256,2021-12-17,아일라,9.52
257,2021-12-17,극장판 바이올렛 에버가든,9.51
258,2021-12-17,당갈,9.49
259,2021-12-17,먼 훗날 우리,9.49
260,2021-12-17,포드 V 페라리,9.48
261,2021-12-17,"그대, 고맙소 : 김호중 생애 첫 팬미팅 무비",9.47
262,2021-12-17,주전장,9.47
263,2021-12-17,쇼생크 탈출,9.45
264,2021-12-17,터미네이터 2:오리지널,9.45
265,2021-12-17,덕구,9.43
266,2021-12-17,나 홀로 집에,9.43
267,2021-12-17,클래식,9.43
268,2021-12-17,라이언 일병 구하기,9.43
269,2021-12-17,월-E,9.42
270,2021-12-17,보헤미안 랩소디,9.42
271,2021-12-17,빽 투 더 퓨쳐,9.42
272,2021-12-17,사운드 오브 뮤직,9.41
273,2021-12-17,포레스트 검프,9.41
274,2021-12-17,위대한 쇼맨,9.41
275,2021-12-17,글래디에이터,9.41
276,2021-12-17,타이타닉,9.41
277,2021-12-17,인생은 아름다워,9.40
278,2021-12-17,헬프,9.40
279,2021-12-17,살인의 추억,9.40
280,2021-12-17,매트릭스,9.40
281,2021-12-17,잭 스나이더의 저스티스 리그,9.40
282,2021-12-17,가나의 혼인잔치: 언약,9.40
283,2021-12-17,센과 치히로의 행방불명,9.39
284,2021-12-17,토이 스토리 3,9.39
285,2021-12-17,캐스트 어웨이,9.39
286,2021-12-17,스파이더맨: 노 웨이 홈,9.39
287,2021-12-17,헌터 킬러,9.39
288,2021-12-17,집으로...,9.38
289,2021-12-17,반지의 제왕: 왕의 귀환,9.38
290,2021-12-17,태극권,9.38
291,2021-12-17,죽은 시인의 사회,9.38
292,2021-12-17,어벤져스: 엔드게임,9.38
293,2021-12-17,히든 피겨스,9.38
294,2021-12-17,레옹,9.38
295,2021-12-17,알라딘,9.38
296,2021-12-17,쉰들러 리스트,9.37
297,2021-12-17,아이 캔 스피크,9.37
298,2021-12-17,클레멘타인,9.37
299,2021-12-17,동주,9.37
300,2021-12-18,밥정,9.61
301,2021-12-18,그린 북,9.60
302,2021-12-18,가버나움,9.59
303,2021-12-18,디지몬 어드벤처 라스트 에볼루션 : 인연,9.55
304,2021-12-18,원더,9.53
305,2021-12-18,베일리 어게인,9.53
306,2021-12-18,아일라,9.52
307,2021-12-18,극장판 바이올렛 에버가든,9.51
308,2021-12-18,당갈,9.49
309,2021-12-18,먼 훗날 우리,9.49
310,2021-12-18,포드 V 페라리,9.48
311,2021-12-18,"그대, 고맙소 : 김호중 생애 첫 팬미팅 무비",9.47
312,2021-12-18,주전장,9.47
313,2021-12-18,쇼생크 탈출,9.45
314,2021-12-18,터미네이터 2:오리지널,9.45
315,2021-12-18,덕구,9.43
316,2021-12-18,나 홀로 집에,9.43
317,2021-12-18,클래식,9.43
318,2021-12-18,라이언 일병 구하기,9.43
319,2021-12-18,월-E,9.42
320,2021-12-18,보헤미안 랩소디,9.42
321,2021-12-18,빽 투 더 퓨쳐,9.42
322,2021-12-18,사운드 오브 뮤직,9.41
323,2021-12-18,포레스트 검프,9.41
324,2021-12-18,위대한 쇼맨,9.41
325,2021-12-18,글래디에이터,9.41
326,2021-12-18,타이타닉,9.41
327,2021-12-18,인생은 아름다워,9.40
328,2021-12-18,헬프,9.40
329,2021-12-18,살인의 추억,9.40
330,2021-12-18,매트릭스,9.40
331,2021-12-18,가나의 혼인잔치: 언약,9.40
332,2021-12-18,잭 스나이더의 저스티스 리그,9.40
333,2021-12-18,센과 치히로의 행방불명,9.39
334,2021-12-18,토이 스토리 3,9.39
335,2021-12-18,캐스트 어웨이,9.39
336,2021-12-18,헌터 킬러,9.38
337,2021-12-18,집으로...,9.38
338,2021-12-18,반지의 제왕: 왕의 귀환,9.38
339,2021-12-18,태극권,9.38
340,2021-12-18,죽은 시인의 사회,9.38
341,2021-12-18,어벤져스: 엔드게임,9.38
342,2021-12-18,히든 피겨스,9.38
343,2021-12-18,레옹,9.38
344,2021-12-18,알라딘,9.38
345,2021-12-18,쉰들러 리스트,9.37
346,2021-12-18,아이 캔 스피크,9.37
347,2021-12-18,클레멘타인,9.37
348,2021-12-18,동주,9.37
349,2021-12-18,안녕 베일리,9.37
350,2021-12-19,밥정,9.61
351,2021-12-19,그린 북,9.60
352,2021-12-19,가버나움,9.59
353,2021-12-19,디지몬 어드벤처 라스트 에볼루션 : 인연,9.55
354,2021-12-19,원더,9.53
355,2021-12-19,베일리 어게인,9.53
356,2021-12-19,아일라,9.52
357,2021-12-19,극장판 바이올렛 에버가든,9.51
358,2021-12-19,먼 훗날 우리,9.49
359,2021-12-19,당갈,9.49
360,2021-12-19,포드 V 페라리,9.48
361,2021-12-19,"그대, 고맙소 : 김호중 생애 첫 팬미팅 무비",9.47
362,2021-12-19,주전장,9.47
363,2021-12-19,쇼생크 탈출,9.45
364,2021-12-19,터미네이터 2:오리지널,9.45
365,2021-12-19,덕구,9.43
366,2021-12-19,나 홀로 집에,9.43
367,2021-12-19,클래식,9.43
368,2021-12-19,라이언 일병 구하기,9.43
369,2021-12-19,월-E,9.42
370,2021-12-19,보헤미안 랩소디,9.42
371,2021-12-19,빽 투 더 퓨쳐,9.42
372,2021-12-19,사운드 오브 뮤직,9.41
373,2021-12-19,포레스트 검프,9.41
374,2021-12-19,위대한 쇼맨,9.41
375,2021-12-19,글래디에이터,9.41
376,2021-12-19,타이타닉,9.41
377,2021-12-19,인생은 아름다워,9.40
378,2021-12-19,헬프,9.40
379,2021-12-19,살인의 추억,9.40
380,2021-12-19,매트릭스,9.40
381,2021-12-19,가나의 혼인잔치: 언약,9.40
382,2021-12-19,잭 스나이더의 저스티스 리그,9.40
383,2021-12-19,센과 치히로의 행방불명,9.39
384,2021-12-19,토이 스토리 3,9.39
385,2021-12-19,캐스트 어웨이,9.39
386,2021-12-19,헌터 킬러,9.38
387,2021-12-19,집으로...,9.38
388,2021-12-19,반지의 제왕: 왕의 귀환,9.38
389,2021-12-19,태극권,9.38
390,2021-12-19,죽은 시인의 사회,9.38
391,2021-12-19,히든 피겨스,9.38
392,2021-12-19,어벤져스: 엔드게임,9.38
393,2021-12-19,레옹,9.38
394,2021-12-19,알라딘,9.38
395,2021-12-19,쉰들러 리스트,9.37
396,2021-12-19,클레멘타인,9.37
397,2021-12-19,아이 캔 스피크,9.37
398,2021-12-19,동주,9.37
399,2021-12-19,안녕 베일리,9.37
400,2021-12-20,밥정,9.61
401,2021-12-20,그린 북,9.60
402,2021-12-20,가버나움,9.59
403,2021-12-20,디지몬 어드벤처 라스트 에볼루션 : 인연,9.55
404,2021-12-20,원더,9.53
405,2021-12-20,베일리 어게인,9.53
406,2021-12-20,아일라,9.52
407,2021-12-20,극장판 바이올렛 에버가든,9.51
408,2021-12-20,먼 훗날 우리,9.49
409,2021-12-20,당갈,9.49
410,2021-12-20,포드 V 페라리,9.48
411,2021-12-20,"그대, 고맙소 : 김호중 생애 첫 팬미팅 무비",9.47
412,2021-12-20,주전장,9.47
413,2021-12-20,쇼생크 탈출,9.45
414,2021-12-20,터미네이터 2:오리지널,9.45
415,2021-12-20,덕구,9.43
416,2021-12-20,나 홀로 집에,9.43
417,2021-12-20,클래식,9.43
418,2021-12-20,라이언 일병 구하기,9.43
419,2021-12-20,월-E,9.42
420,2021-12-20,보헤미안 랩소디,9.42
421,2021-12-20,빽 투 더 퓨쳐,9.42
422,2021-12-20,사운드 오브 뮤직,9.41
423,2021-12-20,포레스트 검프,9.41
424,2021-12-20,위대한 쇼맨,9.41
425,2021-12-20,글래디에이터,9.41
426,2021-12-20,타이타닉,9.41
427,2021-12-20,인생은 아름다워,9.40
428,2021-12-20,헬프,9.40
429,2021-12-20,살인의 추억,9.40
430,2021-12-20,매트릭스,9.40
431,2021-12-20,가나의 혼인잔치: 언약,9.40
432,2021-12-20,잭 스나이더의 저스티스 리그,9.40
433,2021-12-20,센과 치히로의 행방불명,9.39
434,2021-12-20,토이 스토리 3,9.39
435,2021-12-20,캐스트 어웨이,9.39
436,2021-12-20,헌터 킬러,9.38
437,2021-12-20,집으로...,9.38
438,2021-12-20,반지의 제왕: 왕의 귀환,9.38
439,2021-12-20,태극권,9.38
440,2021-12-20,죽은 시인의 사회,9.38
441,2021-12-20,히든 피겨스,9.38
442,2021-12-20,어벤져스: 엔드게임,9.38
443,2021-12-20,레옹,9.38
444,2021-12-20,알라딘,9.38
445,2021-12-20,쉰들러 리스트,9.37
446,2021-12-20,클레멘타인,9.37
447,2021-12-20,아이 캔 스피크,9.37
448,2021-12-20,동주,9.37
449,2021-12-20,안녕 베일리,9.37
450,2021-12-21,밥정,9.61
451,2021-12-21,그린 북,9.60
452,2021-12-21,가버나움,9.59
453,2021-12-21,디지몬 어드벤처 라스트 에볼루션 : 인연,9.55
454,2021-12-21,원더,9.53
455,2021-12-21,베일리 어게인,9.53
456,2021-12-21,아일라,9.52
457,2021-12-21,극장판 바이올렛 에버가든,9.51
458,2021-12-21,먼 훗날 우리,9.49
459,2021-12-21,당갈,9.49
460,2021-12-21,포드 V 페라리,9.48
461,2021-12-21,"그대, 고맙소 : 김호중 생애 첫 팬미팅 무비",9.47
462,2021-12-21,주전장,9.47
463,2021-12-21,쇼생크 탈출,9.45
464,2021-12-21,터미네이터 2:오리지널,9.45
465,2021-12-21,덕구,9.43
466,2021-12-21,나 홀로 집에,9.43
467,2021-12-21,클래식,9.43
468,2021-12-21,라이언 일병 구하기,9.43
469,2021-12-21,월-E,9.42
470,2021-12-21,보헤미안 랩소디,9.42
471,2021-12-21,빽 투 더 퓨쳐,9.42
472,2021-12-21,사운드 오브 뮤직,9.41
473,2021-12-21,포레스트 검프,9.41
474,2021-12-21,위대한 쇼맨,9.41
475,2021-12-21,글래디에이터,9.41
476,2021-12-21,타이타닉,9.41
477,2021-12-21,인생은 아름다워,9.40
478,2021-12-21,헬프,9.40
479,2021-12-21,살인의 추억,9.40
480,2021-12-21,매트릭스,9.40
481,2021-12-21,가나의 혼인잔치: 언약,9.40
482,2021-12-21,잭 스나이더의 저스티스 리그,9.40
483,2021-12-21,센과 치히로의 행방불명,9.39
484,2021-12-21,토이 스토리 3,9.39
485,2021-12-21,캐스트 어웨이,9.39
486,2021-12-21,집으로...,9.38
487,2021-12-21,헌터 킬러,9.38
488,2021-12-21,반지의 제왕: 왕의 귀환,9.38
489,2021-12-21,태극권,9.38
490,2021-12-21,죽은 시인의 사회,9.38
491,2021-12-21,히든 피겨스,9.38
492,2021-12-21,어벤져스: 엔드게임,9.38
493,2021-12-21,레옹,9.38
494,2021-12-21,알라딘,9.38
495,2021-12-21,쉰들러 리스트,9.37
496,2021-12-21,클레멘타인,9.37
497,2021-12-21,아이 캔 스피크,9.37
498,2021-12-21,동주,9.37
499,2021-12-21,안녕 베일리,9.37
500,2021-12-22,밥정,9.61
501,2021-12-22,그린 북,9.60
502,2021-12-22,가버나움,9.59
503,2021-12-22,디지몬 어드벤처 라스트 에볼루션 : 인연,9.55
504,2021-12-22,원더,9.53
505,2021-12-22,베일리 어게인,9.53
506,2021-12-22,아일라,9.52
507,2021-12-22,극장판 바이올렛 에버가든,9.51
508,2021-12-22,먼 훗날 우리,9.49
509,2021-12-22,당갈,9.49
510,2021-12-22,포드 V 페라리,9.48
511,2021-12-22,"그대, 고맙소 : 김호중 생애 첫 팬미팅 무비",9.47
512,2021-12-22,주전장,9.47
513,2021-12-22,쇼생크 탈출,9.45
514,2021-12-22,터미네이터 2:오리지널,9.45
515,2021-12-22,덕구,9.43
516,2021-12-22,나 홀로 집에,9.43
517,2021-12-22,클래식,9.43
518,2021-12-22,라이언 일병 구하기,9.43
519,2021-12-22,월-E,9.42
520,2021-12-22,보헤미안 랩소디,9.42
521,2021-12-22,빽 투 더 퓨쳐,9.42
522,2021-12-22,사운드 오브 뮤직,9.41
523,2021-12-22,포레스트 검프,9.41
524,2021-12-22,위대한 쇼맨,9.41
525,2021-12-22,글래디에이터,9.41
526,2021-12-22,타이타닉,9.41
527,2021-12-22,인생은 아름다워,9.40
528,2021-12-22,헬프,9.40
529,2021-12-22,살인의 추억,9.40
530,2021-12-22,매트릭스,9.40
531,2021-12-22,잭 스나이더의 저스티스 리그,9.40
532,2021-12-22,가나의 혼인잔치: 언약,9.40
533,2021-12-22,센과 치히로의 행방불명,9.39
534,2021-12-22,토이 스토리 3,9.39
535,2021-12-22,캐스트 어웨이,9.39
536,2021-12-22,집으로...,9.38
537,2021-12-22,헌터 킬러,9.38
538,2021-12-22,반지의 제왕: 왕의 귀환,9.38
539,2021-12-22,태극권,9.38
540,2021-12-22,죽은 시인의 사회,9.38
541,2021-12-22,히든 피겨스,9.38
542,2021-12-22,어벤져스: 엔드게임,9.38
543,2021-12-22,레옹,9.38
544,2021-12-22,알라딘,9.38
545,2021-12-22,쉰들러 리스트,9.37
546,2021-12-22,클레멘타인,9.37
547,2021-12-22,아이 캔 스피크,9.37
548,2021-12-22,동주,9.37
549,2021-12-22,안녕 베일리,9.37
550,2021-12-23,밥정,9.61
551,2021-12-23,그린 북,9.60
552,2021-12-23,가버나움,9.59
553,2021-12-23,디지몬 어드벤처 라스트 에볼루션 : 인연,9.55
554,2021-12-23,원더,9.53
555,2021-12-23,베일리 어게인,9.53
556,2021-12-23,아일라,9.52
557,2021-12-23,극장판 바이올렛 에버가든,9.51
558,2021-12-23,먼 훗날 우리,9.49
559,2021-12-23,당갈,9.49
560,2021-12-23,포드 V 페라리,9.48
561,2021-12-23,"그대, 고맙소 : 김호중 생애 첫 팬미팅 무비",9.47
562,2021-12-23,주전장,9.47
563,2021-12-23,쇼생크 탈출,9.45
564,2021-12-23,터미네이터 2:오리지널,9.45
565,2021-12-23,덕구,9.43
566,2021-12-23,나 홀로 집에,9.43
567,2021-12-23,클래식,9.43
568,2021-12-23,라이언 일병 구하기,9.43
569,2021-12-23,월-E,9.42
570,2021-12-23,보헤미안 랩소디,9.42
571,2021-12-23,빽 투 더 퓨쳐,9.42
572,2021-12-23,사운드 오브 뮤직,9.41
573,2021-12-23,포레스트 검프,9.41
574,2021-12-23,위대한 쇼맨,9.41
575,2021-12-23,글래디에이터,9.41
576,2021-12-23,타이타닉,9.41
577,2021-12-23,인생은 아름다워,9.40
578,2021-12-23,헬프,9.40
579,2021-12-23,살인의 추억,9.40
580,2021-12-23,매트릭스,9.40
581,2021-12-23,잭 스나이더의 저스티스 리그,9.40
582,2021-12-23,가나의 혼인잔치: 언약,9.40
583,2021-12-23,센과 치히로의 행방불명,9.39
584,2021-12-23,토이 스토리 3,9.39
585,2021-12-23,캐스트 어웨이,9.39
586,2021-12-23,집으로...,9.38
587,2021-12-23,헌터 킬러,9.38
588,2021-12-23,반지의 제왕: 왕의 귀환,9.38
589,2021-12-23,태극권,9.38
590,2021-12-23,죽은 시인의 사회,9.38
591,2021-12-23,어벤져스: 엔드게임,9.38
592,2021-12-23,히든 피겨스,9.38
593,2021-12-23,레옹,9.38
594,2021-12-23,알라딘,9.38
595,2021-12-23,클레멘타인,9.37
596,2021-12-23,쉰들러 리스트,9.37
597,2021-12-23,아이 캔 스피크,9.37
598,2021-12-23,동주,9.37
599,2021-12-23,안녕 베일리,9.37
600,2021-12-24,밥정,9.62
601,2021-12-24,그린 북,9.60
602,2021-12-24,가버나움,9.59
603,2021-12-24,디지몬 어드벤처 라스트 에볼루션 : 인연,9.55
604,2021-12-24,원더,9.53
605,2021-12-24,베일리 어게인,9.53
606,2021-12-24,아일라,9.52
607,2021-12-24,극장판 바이올렛 에버가든,9.51
608,2021-12-24,먼 훗날 우리,9.49
609,2021-12-24,당갈,9.49
610,2021-12-24,포드 V 페라리,9.48
611,2021-12-24,"그대, 고맙소 : 김호중 생애 첫 팬미팅 무비",9.47
612,2021-12-24,주전장,9.47
613,2021-12-24,쇼생크 탈출,9.45
614,2021-12-24,터미네이터 2:오리지널,9.45
615,2021-12-24,덕구,9.43
616,2021-12-24,나 홀로 집에,9.43
617,2021-12-24,클래식,9.43
618,2021-12-24,라이언 일병 구하기,9.43
619,2021-12-24,월-E,9.42
620,2021-12-24,보헤미안 랩소디,9.42
621,2021-12-24,사운드 오브 뮤직,9.41
622,2021-12-24,빽 투 더 퓨쳐,9.41
623,2021-12-24,포레스트 검프,9.41
624,2021-12-24,위대한 쇼맨,9.41
625,2021-12-24,글래디에이터,9.41
626,2021-12-24,타이타닉,9.41
627,2021-12-24,인생은 아름다워,9.40
628,2021-12-24,헬프,9.40
629,2021-12-24,살인의 추억,9.40
630,2021-12-24,매트릭스,9.40
631,2021-12-24,잭 스나이더의 저스티스 리그,9.40
632,2021-12-24,가나의 혼인잔치: 언약,9.40
633,2021-12-24,센과 치히로의 행방불명,9.39
634,2021-12-24,토이 스토리 3,9.39
635,2021-12-24,캐스트 어웨이,9.39
636,2021-12-24,집으로...,9.38
637,2021-12-24,헌터 킬러,9.38
638,2021-12-24,반지의 제왕: 왕의 귀환,9.38
639,2021-12-24,태극권,9.38
640,2021-12-24,죽은 시인의 사회,9.38
641,2021-12-24,어벤져스: 엔드게임,9.38
642,2021-12-24,히든 피겨스,9.38
643,2021-12-24,레옹,9.38
644,2021-12-24,알라딘,9.38
645,2021-12-24,클레멘타인,9.37
646,2021-12-24,쉰들러 리스트,9.37
647,2021-12-24,아이 캔 스피크,9.37
648,2021-12-24,동주,9.37
649,2021-12-24,안녕 베일리,9.37
650,2021-12-25,그린 북,9.60
651,2021-12-25,가버나움,9.60
652,2021-12-25,밥정,9.59
653,2021-12-25,디지몬 어드벤처 라스트 에볼루션 : 인연,9.55
654,2021-12-25,원더,9.53
655,2021-12-25,베일리 어게인,9.53
656,2021-12-25,아일라,9.52
657,2021-12-25,극장판 바이올렛 에버가든,9.51
658,2021-12-25,먼 훗날 우리,9.49
659,2021-12-25,당갈,9.49
660,2021-12-25,포드 V 페라리,9.48
661,2021-12-25,"그대, 고맙소 : 김호중 생애 첫 팬미팅 무비",9.47
662,2021-12-25,주전장,9.47
663,2021-12-25,쇼생크 탈출,9.45
664,2021-12-25,터미네이터 2:오리지널,9.45
665,2021-12-25,덕구,9.43
666,2021-12-25,나 홀로 집에,9.43
667,2021-12-25,클래식,9.43
668,2021-12-25,라이언 일병 구하기,9.43
669,2021-12-25,월-E,9.42
670,2021-12-25,보헤미안 랩소디,9.42
671,2021-12-25,사운드 오브 뮤직,9.41
672,2021-12-25,빽 투 더 퓨쳐,9.41
673,2021-12-25,포레스트 검프,9.41
674,2021-12-25,위대한 쇼맨,9.41
675,2021-12-25,글래디에이터,9.41
676,2021-12-25,타이타닉,9.41
677,2021-12-25,인생은 아름다워,9.40
678,2021-12-25,헬프,9.40
679,2021-12-25,살인의 추억,9.40
680,2021-12-25,매트릭스,9.40
681,2021-12-25,잭 스나이더의 저스티스 리그,9.40
682,2021-12-25,가나의 혼인잔치: 언약,9.40
683,2021-12-25,센과 치히로의 행방불명,9.39
684,2021-12-25,토이 스토리 3,9.39
685,2021-12-25,캐스트 어웨이,9.39
686,2021-12-25,집으로...,9.38
687,2021-12-25,헌터 킬러,9.38
688,2021-12-25,반지의 제왕: 왕의 귀환,9.38
689,2021-12-25,태극권,9.38
690,2021-12-25,죽은 시인의 사회,9.38
691,2021-12-25,어벤져스: 엔드게임,9.38
692,2021-12-25,히든 피겨스,9.38
693,2021-12-25,레옹,9.38
694,2021-12-25,알라딘,9.38
695,2021-12-25,클레멘타인,9.37
696,2021-12-25,쉰들러 리스트,9.37
697,2021-12-25,아이 캔 스피크,9.37
698,2021-12-25,동주,9.37
699,2021-12-25,안녕 베일리,9.37
700,2021-12-26,그린 북,9.60
701,2021-12-26,가버나움,9.60
702,2021-12-26,밥정,9.59
703,2021-12-26,디지몬 어드벤처 라스트 에볼루션 : 인연,9.55
704,2021-12-26,원더,9.53
705,2021-12-26,베일리 어게인,9.53
706,2021-12-26,아일라,9.52
707,2021-12-26,극장판 바이올렛 에버가든,9.51
708,2021-12-26,먼 훗날 우리,9.50
709,2021-12-26,당갈,9.49
710,2021-12-26,포드 V 페라리,9.48
711,2021-12-26,"그대, 고맙소 : 김호중 생애 첫 팬미팅 무비",9.47
712,2021-12-26,주전장,9.47
713,2021-12-26,쇼생크 탈출,9.45
714,2021-12-26,터미네이터 2:오리지널,9.45
715,2021-12-26,덕구,9.43
716,2021-12-26,나 홀로 집에,9.43
717,2021-12-26,클래식,9.43
718,2021-12-26,라이언 일병 구하기,9.43
719,2021-12-26,월-E,9.42
720,2021-12-26,보헤미안 랩소디,9.42
721,2021-12-26,사운드 오브 뮤직,9.41
722,2021-12-26,빽 투 더 퓨쳐,9.41
723,2021-12-26,포레스트 검프,9.41
724,2021-12-26,위대한 쇼맨,9.41
725,2021-12-26,글래디에이터,9.41
726,2021-12-26,타이타닉,9.41
727,2021-12-26,인생은 아름다워,9.40
728,2021-12-26,헬프,9.40
729,2021-12-26,살인의 추억,9.40
730,2021-12-26,매트릭스,9.40
731,2021-12-26,가나의 혼인잔치: 언약,9.40
732,2021-12-26,센과 치히로의 행방불명,9.39
733,2021-12-26,잭 스나이더의 저스티스 리그,9.39
734,2021-12-26,토이 스토리 3,9.39
735,2021-12-26,캐스트 어웨이,9.39
736,2021-12-26,집으로...,9.38
737,2021-12-26,헌터 킬러,9.38
738,2021-12-26,반지의 제왕: 왕의 귀환,9.38
739,2021-12-26,태극권,9.38
740,2021-12-26,죽은 시인의 사회,9.38
741,2021-12-26,어벤져스: 엔드게임,9.38
742,2021-12-26,히든 피겨스,9.38
743,2021-12-26,레옹,9.38
744,2021-12-26,알라딘,9.38
745,2021-12-26,클레멘타인,9.37
746,2021-12-26,쉰들러 리스트,9.37
747,2021-12-26,아이 캔 스피크,9.37
748,2021-12-26,동주,9.37
749,2021-12-26,안녕 베일리,9.37
750,2021-12-27,그린 북,9.60
751,2021-12-27,가버나움,9.59
752,2021-12-27,밥정,9.59
753,2021-12-27,디지몬 어드벤처 라스트 에볼루션 : 인연,9.55
754,2021-12-27,원더,9.53
755,2021-12-27,베일리 어게인,9.53
756,2021-12-27,아일라,9.52
757,2021-12-27,극장판 바이올렛 에버가든,9.51
758,2021-12-27,먼 훗날 우리,9.50
759,2021-12-27,당갈,9.49
760,2021-12-27,포드 V 페라리,9.48
761,2021-12-27,"그대, 고맙소 : 김호중 생애 첫 팬미팅 무비",9.47
762,2021-12-27,주전장,9.47
763,2021-12-27,쇼생크 탈출,9.45
764,2021-12-27,터미네이터 2:오리지널,9.45
765,2021-12-27,덕구,9.43
766,2021-12-27,나 홀로 집에,9.43
767,2021-12-27,클래식,9.43
768,2021-12-27,라이언 일병 구하기,9.43
769,2021-12-27,월-E,9.42
770,2021-12-27,보헤미안 랩소디,9.42
771,2021-12-27,사운드 오브 뮤직,9.41
772,2021-12-27,빽 투 더 퓨쳐,9.41
773,2021-12-27,포레스트 검프,9.41
774,2021-12-27,위대한 쇼맨,9.41
775,2021-12-27,글래디에이터,9.41
776,2021-12-27,타이타닉,9.41
777,2021-12-27,인생은 아름다워,9.40
778,2021-12-27,헬프,9.40
779,2021-12-27,살인의 추억,9.40
780,2021-12-27,매트릭스,9.40
781,2021-12-27,가나의 혼인잔치: 언약,9.40
782,2021-12-27,센과 치히로의 행방불명,9.39
783,2021-12-27,잭 스나이더의 저스티스 리그,9.39
784,2021-12-27,토이 스토리 3,9.39
785,2021-12-27,캐스트 어웨이,9.39
786,2021-12-27,집으로...,9.38
787,2021-12-27,헌터 킬러,9.38
788,2021-12-27,반지의 제왕: 왕의 귀환,9.38
789,2021-12-27,태극권,9.38
790,2021-12-27,죽은 시인의 사회,9.38
791,2021-12-27,어벤져스: 엔드게임,9.38
792,2021-12-27,히든 피겨스,9.38
793,2021-12-27,안녕 베일리,9.38
794,2021-12-27,레옹,9.38
795,2021-12-27,알라딘,9.38
796,2021-12-27,클레멘타인,9.37
797,2021-12-27,쉰들러 리스트,9.37
798,2021-12-27,아이 캔 스피크,9.37
799,2021-12-27,동주,9.37
800,2021-12-28,그린 북,9.60
801,2021-12-28,밥정,9.60
802,2021-12-28,가버나움,9.59
803,2021-12-28,디지몬 어드벤처 라스트 에볼루션 : 인연,9.55
804,2021-12-28,원더,9.53
805,2021-12-28,베일리 어게인,9.53
806,2021-12-28,아일라,9.52
807,2021-12-28,극장판 바이올렛 에버가든,9.51
808,2021-12-28,먼 훗날 우리,9.50
809,2021-12-28,당갈,9.49
810,2021-12-28,포드 V 페라리,9.48
811,2021-12-28,"그대, 고맙소 : 김호중 생애 첫 팬미팅 무비",9.47
812,2021-12-28,주전장,9.47
813,2021-12-28,쇼생크 탈출,9.45
814,2021-12-28,터미네이터 2:오리지널,9.45
815,2021-12-28,덕구,9.43
816,2021-12-28,나 홀로 집에,9.43
817,2021-12-28,라이언 일병 구하기,9.43
818,2021-12-28,클래식,9.43
819,2021-12-28,월-E,9.42
820,2021-12-28,보헤미안 랩소디,9.42
821,2021-12-28,사운드 오브 뮤직,9.41
822,2021-12-28,빽 투 더 퓨쳐,9.41
823,2021-12-28,포레스트 검프,9.41
824,2021-12-28,위대한 쇼맨,9.41
825,2021-12-28,글래디에이터,9.41
826,2021-12-28,타이타닉,9.41
827,2021-12-28,인생은 아름다워,9.40
828,2021-12-28,헬프,9.40
829,2021-12-28,살인의 추억,9.40
830,2021-12-28,매트릭스,9.40
831,2021-12-28,가나의 혼인잔치: 언약,9.40
832,2021-12-28,잭 스나이더의 저스티스 리그,9.39
833,2021-12-28,센과 치히로의 행방불명,9.39
834,2021-12-28,토이 스토리 3,9.39
835,2021-12-28,캐스트 어웨이,9.39
836,2021-12-28,집으로...,9.38
837,2021-12-28,헌터 킬러,9.38
838,2021-12-28,반지의 제왕: 왕의 귀환,9.38
839,2021-12-28,태극권,9.38
840,2021-12-28,죽은 시인의 사회,9.38
841,2021-12-28,어벤져스: 엔드게임,9.38
842,2021-12-28,히든 피겨스,9.38
843,2021-12-28,안녕 베일리,9.38
844,2021-12-28,레옹,9.38
845,2021-12-28,알라딘,9.38
846,2021-12-28,클레멘타인,9.37
847,2021-12-28,쉰들러 리스트,9.37
848,2021-12-28,아이 캔 스피크,9.37
849,2021-12-28,동주,9.37
850,2021-12-29,밥정,9.60
851,2021-12-29,그린 북,9.60
852,2021-12-29,가버나움,9.59
853,2021-12-29,디지몬 어드벤처 라스트 에볼루션 : 인연,9.56
854,2021-12-29,원더,9.53
855,2021-12-29,베일리 어게인,9.53
856,2021-12-29,아일라,9.52
857,2021-12-29,극장판 바이올렛 에버가든,9.51
858,2021-12-29,먼 훗날 우리,9.50
859,2021-12-29,당갈,9.49
860,2021-12-29,포드 V 페라리,9.48
861,2021-12-29,"그대, 고맙소 : 김호중 생애 첫 팬미팅 무비",9.47
862,2021-12-29,주전장,9.47
863,2021-12-29,쇼생크 탈출,9.45
864,2021-12-29,터미네이터 2:오리지널,9.45
865,2021-12-29,덕구,9.43
866,2021-12-29,나 홀로 집에,9.43
867,2021-12-29,클래식,9.43
868,2021-12-29,라이언 일병 구하기,9.43
869,2021-12-29,월-E,9.42
870,2021-12-29,보헤미안 랩소디,9.42
871,2021-12-29,사운드 오브 뮤직,9.41
872,2021-12-29,빽 투 더 퓨쳐,9.41
873,2021-12-29,포레스트 검프,9.41
874,2021-12-29,위대한 쇼맨,9.41
875,2021-12-29,글래디에이터,9.41
876,2021-12-29,타이타닉,9.41
877,2021-12-29,인생은 아름다워,9.40
878,2021-12-29,헬프,9.40
879,2021-12-29,살인의 추억,9.40
880,2021-12-29,매트릭스,9.40
881,2021-12-29,가나의 혼인잔치: 언약,9.40
882,2021-12-29,잭 스나이더의 저스티스 리그,9.39
883,2021-12-29,센과 치히로의 행방불명,9.39
884,2021-12-29,토이 스토리 3,9.39
885,2021-12-29,캐스트 어웨이,9.39
886,2021-12-29,집으로...,9.38
887,2021-12-29,헌터 킬러,9.38
888,2021-12-29,반지의 제왕: 왕의 귀환,9.38
889,2021-12-29,태극권,9.38
890,2021-12-29,죽은 시인의 사회,9.38
891,2021-12-29,어벤져스: 엔드게임,9.38
892,2021-12-29,히든 피겨스,9.38
893,2021-12-29,안녕 베일리,9.38
894,2021-12-29,레옹,9.38
895,2021-12-29,알라딘,9.38
896,2021-12-29,클레멘타인,9.37
897,2021-12-29,쉰들러 리스트,9.37
898,2021-12-29,아이 캔 스피크,9.37
899,2021-12-29,동주,9.37
900,2021-12-30,밥정,9.60
901,2021-12-30,그린 북,9.60
902,2021-12-30,가버나움,9.59
903,2021-12-30,디지몬 어드벤처 라스트 에볼루션 : 인연,9.55
904,2021-12-30,원더,9.53
905,2021-12-30,베일리 어게인,9.53
906,2021-12-30,아일라,9.52
907,2021-12-30,극장판 바이올렛 에버가든,9.51
908,2021-12-30,먼 훗날 우리,9.50
909,2021-12-30,당갈,9.49
910,2021-12-30,포드 V 페라리,9.48
911,2021-12-30,"그대, 고맙소 : 김호중 생애 첫 팬미팅 무비",9.47
912,2021-12-30,주전장,9.47
913,2021-12-30,쇼생크 탈출,9.45
914,2021-12-30,터미네이터 2:오리지널,9.45
915,2021-12-30,덕구,9.43
916,2021-12-30,나 홀로 집에,9.43
917,2021-12-30,클래식,9.43
918,2021-12-30,라이언 일병 구하기,9.43
919,2021-12-30,월-E,9.42
920,2021-12-30,보헤미안 랩소디,9.42
921,2021-12-30,사운드 오브 뮤직,9.41
922,2021-12-30,빽 투 더 퓨쳐,9.41
923,2021-12-30,포레스트 검프,9.41
924,2021-12-30,위대한 쇼맨,9.41
925,2021-12-30,글래디에이터,9.41
926,2021-12-30,타이타닉,9.41
927,2021-12-30,인생은 아름다워,9.40
928,2021-12-30,헬프,9.40
929,2021-12-30,살인의 추억,9.40
930,2021-12-30,매트릭스,9.40
931,2021-12-30,가나의 혼인잔치: 언약,9.40
932,2021-12-30,잭 스나이더의 저스티스 리그,9.39
933,2021-12-30,센과 치히로의 행방불명,9.39
934,2021-12-30,토이 스토리 3,9.39
935,2021-12-30,캐스트 어웨이,9.39
936,2021-12-30,집으로...,9.38
937,2021-12-30,헌터 킬러,9.38
938,2021-12-30,태극권,9.38
939,2021-12-30,반지의 제왕: 왕의 귀환,9.38
940,2021-12-30,죽은 시인의 사회,9.38
941,2021-12-30,히든 피겨스,9.38
942,2021-12-30,어벤져스: 엔드게임,9.38
943,2021-12-30,안녕 베일리,9.38
944,2021-12-30,레옹,9.38
945,2021-12-30,알라딘,9.38
946,2021-12-30,클레멘타인,9.37
947,2021-12-30,쉰들러 리스트,9.37
948,2021-12-30,아이 캔 스피크,9.37
949,2021-12-30,동주,9.37
950,2021-12-31,밥정,9.60
951,2021-12-31,그린 북,9.60
952,2021-12-31,가버나움,9.59
953,2021-12-31,디지몬 어드벤처 라스트 에볼루션 : 인연,9.55
954,2021-12-31,원더,9.53
955,2021-12-31,베일리 어게인,9.53
956,2021-12-31,아일라,9.52
957,2021-12-31,극장판 바이올렛 에버가든,9.51
958,2021-12-31,먼 훗날 우리,9.50
959,2021-12-31,당갈,9.49
960,2021-12-31,포드 V 페라리,9.48
961,2021-12-31,"그대, 고맙소 : 김호중 생애 첫 팬미팅 무비",9.47
962,2021-12-31,주전장,9.47
963,2021-12-31,쇼생크 탈출,9.45
964,2021-12-31,터미네이터 2:오리지널,9.45
965,2021-12-31,덕구,9.43
966,2021-12-31,나 홀로 집에,9.43
967,2021-12-31,클래식,9.43
968,2021-12-31,라이언 일병 구하기,9.43
969,2021-12-31,월-E,9.42
970,2021-12-31,보헤미안 랩소디,9.42
971,2021-12-31,빽 투 더 퓨쳐,9.42
972,2021-12-31,사운드 오브 뮤직,9.41
973,2021-12-31,포레스트 검프,9.41
974,2021-12-31,위대한 쇼맨,9.41
975,2021-12-31,타이타닉,9.41
976,2021-12-31,글래디에이터,9.41
977,2021-12-31,인생은 아름다워,9.40
978,2021-12-31,헬프,9.40
979,2021-12-31,살인의 추억,9.40
980,2021-12-31,매트릭스,9.40
981,2021-12-31,가나의 혼인잔치: 언약,9.40
982,2021-12-31,센과 치히로의 행방불명,9.39
983,2021-12-31,잭 스나이더의 저스티스 리그,9.39
984,2021-12-31,토이 스토리 3,9.39
985,2021-12-31,캐스트 어웨이,9.39
986,2021-12-31,집으로...,9.39
987,2021-12-31,헌터 킬러,9.38
988,2021-12-31,태극권,9.38
989,2021-12-31,반지의 제왕: 왕의 귀환,9.38
990,2021-12-31,죽은 시인의 사회,9.38
991,2021-12-31,히든 피겨스,9.38
992,2021-12-31,어벤져스: 엔드게임,9.38
993,2021-12-31,안녕 베일리,9.38
994,2021-12-31,레옹,9.38
995,2021-12-31,알라딘,9.38
996,2021-12-31,클레멘타인,9.37
997,2021-12-31,쉰들러 리스트,9.37
998,2021-12-31,아이 캔 스피크,9.37
999,2021-12-31,동주,9.37
